Iteration,Convergence_Delta
0,0.6375000000000001
1,0.1003472222222222
2,0.04229217303240736
3,0.017453912680041206
4,0.0063527766793125065
5,0.0037784201266372122
6,0.0015263459094536913
7,0.0009179088315501918
8,0.00035086074445718485
9,0.0002164456081087604
10,8.613131098363785e-05
11,5.29964821857562e-05
12,2.314596761221477e-05
13,1.3890229734435378e-05
14,7.546688100899812e-06
15,4.042471720373808e-06
16,2.3649013169771416e-06
17,1.179027967063151e-06
18,7.134509237144426e-07
