Page,PageRank,Rank
HomePage,0.22272376939845537,1
AboutUs,0.15271894172741157,2
Products,0.13530007450171355,3
Services,0.12683647399231185,4
Contact,0.08332239171122949,5
Team,0.07947262082409035,6
History,0.05577028796379728,7
Reviews,0.05437673689635017,8
Pricing,0.048437036317973664,9
FAQ,0.01604166666666667,10
Support,0.012500000000000002,11
Blog,0.012500000000000002,12
