column,count,non_null_count,missing_count,missing_rate,distinct_count,mean,stddev,min,q1,median,q3,max,iqr
Quantity,541909,541909,0,0.0,722,9.55224954743324,218.08115785023384,-80995.0,1.0,3.0,10.0,80995.0,9.0
UnitPrice,541909,541909,0,0.0,1630,4.611113626088533,96.75985306117937,-11062.06,1.25,2.08,4.13,38970.0,2.88
year,541909,541909,0,0.0,2,2010.9216086095637,0.2687867438323822,2010.0,2011.0,2011.0,2011.0,2011.0,0.0
month,541909,541909,0,0.0,12,7.553127923691985,3.5090553679185255,1.0,5.0,8.0,11.0,12.0,6.0
TotalPrice,541909,541909,0,0.0,6204,17.98779487699962,378.8108235059748,-168469.6,3.4,9.75,17.4,168469.6,13.999999999999998
IsReturn,541909,541909,0,0.0,2,0.019604767590130447,0.13863785971342243,0.0,0.0,0.0,0.0,1.0,0.0
